Booth,Stop Name,location_id,zone,borough
A002,Lexington Av/59 St,237,Upper East Side South,Manhattan
A004,Lexington Av/59 St,237,Upper East Side South,Manhattan
N601,Lexington Av/63 St,237,Upper East Side South,Manhattan
R244,59 St,237,Upper East Side South,Manhattan
R244A,59 St,237,Upper East Side South,Manhattan
R245,59 St,237,Upper East Side South,Manhattan
R245A,59 St,237,Upper East Side South,Manhattan
R246,68 St - Hunter College,237,Upper East Side South,Manhattan
R247,77 St,237,Upper East Side South,Manhattan
R248,77 St,237,Upper East Side South,Manhattan
A006,5 Av/59 St,43,Central Park,Manhattan
A007,5 Av/59 St,43,Central Park,Manhattan
N037,103 St,43,Central Park,Manhattan
N039,96 St,43,Central Park,Manhattan
N040,96 St,43,Central Park,Manhattan
N042,86 St,43,Central Park,Manhattan
N043,86 St,43,Central Park,Manhattan
N044,81 St - Museum of Natural History,43,Central Park,Manhattan
N045,81 St - Museum of Natural History,43,Central Park,Manhattan
N046,72 St,43,Central Park,Manhattan
A010,57 St - 7 Av,163,Midtown North,Manhattan
A011,57 St - 7 Av,163,Midtown North,Manhattan
N600,57 St,163,Midtown North,Manhattan
A013,49 St,230,Times Sq/Theatre District,Manhattan
A014,49 St,230,Times Sq/Theatre District,Manhattan
A015,49 St,230,Times Sq/Theatre District,Manhattan
A016,49 St,230,Times Sq/Theatre District,Manhattan
N060,42 St - Port Authority Bus Terminal,230,Times Sq/Theatre District,Manhattan
N062,42 St - Port Authority Bus Terminal,230,Times Sq/Theatre District,Manhattan
N062A,42 St - Port Authority Bus Terminal,230,Times Sq/Theatre District,Manhattan
N063,42 St - Port Authority Bus Terminal,230,Times Sq/Theatre District,Manhattan
N063A,42 St - Port Authority Bus Terminal,230,Times Sq/Theatre District,Manhattan
N300,7 Av,230,Times Sq/Theatre District,Manhattan
N301,7 Av,230,Times Sq/Theatre District,Manhattan
N500,47-50 Sts - Rockefeller Ctr,230,Times Sq/Theatre District,Manhattan
N501,47-50 Sts - Rockefeller Ctr,230,Times Sq/Theatre District,Manhattan
N501A,47-50 Sts - Rockefeller Ctr,230,Times Sq/Theatre District,Manhattan
R154,50 St,230,Times Sq/Theatre District,Manhattan
R155,50 St,230,Times Sq/Theatre District,Manhattan
A021,Times Sq - 42 St,100,Garment District,Manhattan
N065,34 St - Penn Station,100,Garment District,Manhattan
N067,34 St - Penn Station,100,Garment District,Manhattan
N068,34 St - Penn Station,100,Garment District,Manhattan
N069,34 St - Penn Station,100,Garment District,Manhattan
N070,34 St - Penn Station,100,Garment District,Manhattan
N071,34 St - Penn Station,100,Garment District,Manhattan
N072,34 St - Penn Station,100,Garment District,Manhattan
N073,34 St - Penn Station,100,Garment District,Manhattan
N502,42 St - Bryant Pk,100,Garment District,Manhattan
N503,42 St - Bryant Pk,100,Garment District,Manhattan
N504,42 St - Bryant Pk,100,Garment District,Manhattan
R143,Times Sq - 42 St,100,Garment District,Manhattan
R145,Times Sq - 42 St,100,Garment District,Manhattan
R146,Times Sq - 42 St,100,Garment District,Manhattan
R147,Times Sq - 42 St,100,Garment District,Manhattan
R148,Times Sq - 42 St,100,Garment District,Manhattan
R150,Times Sq - 42 St,100,Garment District,Manhattan
R151,Times Sq - 42 St,100,Garment District,Manhattan
R153,Times Sq - 42 St,100,Garment District,Manhattan
A022,34 St - Herald Sq,186,Penn Station/Madison Sq West,Manhattan
A025,34 St - Herald Sq,186,Penn Station/Madison Sq West,Manhattan
N505,34 St - Herald Sq,186,Penn Station/Madison Sq West,Manhattan
N506,34 St - Herald Sq,186,Penn Station/Madison Sq West,Manhattan
N507,34 St - Herald Sq,186,Penn Station/Madison Sq West,Manhattan
R133,28 St,186,Penn Station/Madison Sq West,Manhattan
R134,28 St,186,Penn Station/Madison Sq West,Manhattan
R135,34 St - Penn Station,186,Penn Station/Madison Sq West,Manhattan
R137,34 St - Penn Station,186,Penn Station/Madison Sq West,Manhattan
R138,34 St - Penn Station,186,Penn Station/Madison Sq West,Manhattan
R139,34 St - Penn Station,186,Penn Station/Madison Sq West,Manhattan
R141,34 St - Penn Station,186,Penn Station/Madison Sq West,Manhattan
R142,34 St - Penn Station,186,Penn Station/Madison Sq West,Manhattan
A027,28 St,164,Midtown South,Manhattan
A029,28 St,164,Midtown South,Manhattan
R231,33 St,164,Midtown South,Manhattan
R231A,33 St,164,Midtown South,Manhattan
R232,33 St,164,Midtown South,Manhattan
R232A,33 St,164,Midtown South,Manhattan
R500,5 Av,164,Midtown South,Manhattan
R501,5 Av,164,Midtown South,Manhattan
A030,23 St,234,Union Sq,Manhattan
A031,23 St,234,Union Sq,Manhattan
A033,14 St - Union Sq,234,Union Sq,Manhattan
A034,14 St - Union Sq,234,Union Sq,Manhattan
A035,14 St - Union Sq,234,Union Sq,Manhattan
A036,14 St - Union Sq,234,Union Sq,Manhattan
A037,14 St - Union Sq,234,Union Sq,Manhattan
N508,23 St,234,Union Sq,Manhattan
N509,23 St,234,Union Sq,Manhattan
R221,14 St - Union Sq,234,Union Sq,Manhattan
R226,23 St,234,Union Sq,Manhattan
R226A,23 St,234,Union Sq,Manhattan
R227,23 St,234,Union Sq,Manhattan
R227A,23 St,234,Union Sq,Manhattan
R228,28 St,234,Union Sq,Manhattan
R229,28 St,234,Union Sq,Manhattan
R230,28 St,234,Union Sq,Manhattan
A038,8 St - NYU,113,Greenwich Village North,Manhattan
A039,8 St - NYU,113,Greenwich Village North,Manhattan
H003,6 Av,113,Greenwich Village North,Manhattan
R219,Astor Pl,113,Greenwich Village North,Manhattan
R220,Astor Pl,113,Greenwich Village North,Manhattan
A041,Prince St,144,Little Italy/NoLiTa,Manhattan
A042,Prince St,144,Little Italy/NoLiTa,Manhattan
A066,Canal St,144,Little Italy/NoLiTa,Manhattan
R119,Canal St,144,Little Italy/NoLiTa,Manhattan
R120,Canal St,144,Little Italy/NoLiTa,Manhattan
R215,Spring St,144,Little Italy/NoLiTa,Manhattan
R216,Spring St,144,Little Italy/NoLiTa,Manhattan
A043,Canal St,211,SoHo,Manhattan
A044,Canal St,211,SoHo,Manhattan
A046,Canal St,211,SoHo,Manhattan
N086,Spring St,211,SoHo,Manhattan
N087,Spring St,211,SoHo,Manhattan
R214,Canal St,211,SoHo,Manhattan
A047,City Hall,231,TriBeCa/Civic Center,Manhattan
N089,Canal St,231,TriBeCa/Civic Center,Manhattan
N090,Canal St,231,TriBeCa/Civic Center,Manhattan
N091,Chambers St,231,TriBeCa/Civic Center,Manhattan
N092,Chambers St,231,TriBeCa/Civic Center,Manhattan
N094,World Trade Center,231,TriBeCa/Civic Center,Manhattan
R115,Park Pl,231,TriBeCa/Civic Center,Manhattan
R116,Chambers St,231,TriBeCa/Civic Center,Manhattan
R117,Franklin St,231,TriBeCa/Civic Center,Manhattan
R118,Franklin St,231,TriBeCa/Civic Center,Manhattan
R210,Brooklyn Bridge - City Hall,231,TriBeCa/Civic Center,Manhattan
R210A,Brooklyn Bridge - City Hall,231,TriBeCa/Civic Center,Manhattan
A050,Cortlandt St,261,World Trade Center,Manhattan
A051,Cortlandt St,261,World Trade Center,Manhattan
A052,Cortlandt St,261,World Trade Center,Manhattan
A053,Cortlandt St,261,World Trade Center,Manhattan
A054,Rector St,261,World Trade Center,Manhattan
A055,Rector St,261,World Trade Center,Manhattan
R102,Rector St,261,World Trade Center,Manhattan
R103,Rector St,261,World Trade Center,Manhattan
R106,WTC Cortlandt,261,World Trade Center,Manhattan
R107,WTC Cortlandt,261,World Trade Center,Manhattan
R108,WTC Cortlandt,261,World Trade Center,Manhattan
R109,WTC Cortlandt,261,World Trade Center,Manhattan
R200A,Bowling Green,261,World Trade Center,Manhattan
R201,Bowling Green,261,World Trade Center,Manhattan
R202,Bowling Green,261,World Trade Center,Manhattan
A058,Whitehall St,88,Financial District South,Manhattan
A060,Whitehall St,88,Financial District South,Manhattan
R101S,South Ferry,88,Financial District South,Manhattan
A061,Essex St,148,Lower East Side,Manhattan
A064,Bowery,148,Lower East Side,Manhattan
N520,Grand St,148,Lower East Side,Manhattan
N525,Delancey St,148,Lower East Side,Manhattan
N526,Delancey St,148,Lower East Side,Manhattan
A069,Chambers St,45,Chinatown,Manhattan
A071,Chambers St,45,Chinatown,Manhattan
A077,Fulton St,209,Seaport,Manhattan
A081,Fulton St,209,Seaport,Manhattan
A082,Fulton St,209,Seaport,Manhattan
R113,Fulton St,209,Seaport,Manhattan
R113A,Fulton St,209,Seaport,Manhattan
R114,Fulton St,209,Seaport,Manhattan
A083,Broad St,87,Financial District North,Manhattan
A084,Broad St,87,Financial District North,Manhattan
A085,Broad St,87,Financial District North,Manhattan
N095,Fulton St,87,Financial District North,Manhattan
R110,Wall St,87,Financial District North,Manhattan
R111,Wall St,87,Financial District North,Manhattan
R112,Wall St,87,Financial District North,Manhattan
R112A,Wall St,87,Financial District North,Manhattan
R203,Wall St,87,Financial District North,Manhattan
R203A,Wall St,87,Financial District North,Manhattan
R204,Wall St,87,Financial District North,Manhattan
R204A,Wall St,87,Financial District North,Manhattan
R205,Fulton St,87,Financial District North,Manhattan
R205A,Fulton St,87,Financial District North,Manhattan
R206,Fulton St,87,Financial District North,Manhattan
R208,Fulton St,87,Financial District North,Manhattan
B001,Atlantic Av - Barclays Ctr,97,Fort Greene,Brooklyn
C008,DeKalb Av,97,Fort Greene,Brooklyn
N110,Lafayette Av,97,Fort Greene,Brooklyn
N422,Fulton St,97,Fort Greene,Brooklyn
R608,Nevins St,97,Fort Greene,Brooklyn
R609,Nevins St,97,Fort Greene,Brooklyn
R610,Atlantic Av - Barclays Ctr,97,Fort Greene,Brooklyn
B002,Atlantic Av - Barclays Ctr,181,Park Slope,Brooklyn
C009,Atlantic Av - Barclays Ctr,181,Park Slope,Brooklyn
C012,9 St,181,Park Slope,Brooklyn
C014,Prospect Av,181,Park Slope,Brooklyn
C015,Prospect Av,181,Park Slope,Brooklyn
N531,Bergen St,181,Park Slope,Brooklyn
N532,Bergen St,181,Park Slope,Brooklyn
N533,Bergen St,181,Park Slope,Brooklyn
N539A,7 Av,181,Park Slope,Brooklyn
R619,Grand Army Plaza,181,Park Slope,Brooklyn
B004,7 Av,189,Prospect Heights,Brooklyn
B009,Grand Central - 42 St,161,Midtown Center,Manhattan
N303,5 Av/53 St,161,Midtown Center,Manhattan
N304,5 Av/53 St,161,Midtown Center,Manhattan
B010,Botanic Garden,62,Crown Heights South,Brooklyn
R622,Franklin Av,62,Crown Heights South,Brooklyn
R623,Nostrand Av,62,Crown Heights South,Brooklyn
R635,President St,62,Crown Heights South,Brooklyn
B012,Prospect Park,188,Prospect-Lefferts Gardens,Brooklyn
B013,Prospect Park,188,Prospect-Lefferts Gardens,Brooklyn
B014,Parkside Av,188,Prospect-Lefferts Gardens,Brooklyn
R636,Sterling St,188,Prospect-Lefferts Gardens,Brooklyn
R637,Winthrop St,188,Prospect-Lefferts Gardens,Brooklyn
R639,Church Av,188,Prospect-Lefferts Gardens,Brooklyn
B015,Church Av,89,Flatbush/Ditmas Park,Brooklyn
B016,Church Av,89,Flatbush/Ditmas Park,Brooklyn
B017,Beverley Rd,89,Flatbush/Ditmas Park,Brooklyn
B018,Cortelyou Rd,89,Flatbush/Ditmas Park,Brooklyn
B019,Newkirk Plaza,89,Flatbush/Ditmas Park,Brooklyn
N549,18 Av,89,Flatbush/Ditmas Park,Brooklyn
N550,18 Av,89,Flatbush/Ditmas Park,Brooklyn
R645,Flatbush Av - Brooklyn College,89,Flatbush/Ditmas Park,Brooklyn
R646,Flatbush Av - Brooklyn College,89,Flatbush/Ditmas Park,Brooklyn
R647,Flatbush Av - Brooklyn College,89,Flatbush/Ditmas Park,Brooklyn
B020,Avenue H,165,Midwood,Brooklyn
B021,Avenue J,165,Midwood,Brooklyn
B022,Avenue M,165,Midwood,Brooklyn
B023,Kings Hwy,149,Madison,Brooklyn
B024,Kings Hwy,149,Madison,Brooklyn
B024A,Kings Hwy,149,Madison,Brooklyn
B025,Avenue U,149,Madison,Brooklyn
B026,Neck Rd,210,Sheepshead Bay,Brooklyn
B027,Sheepshead Bay,210,Sheepshead Bay,Brooklyn
B028,Sheepshead Bay,210,Sheepshead Bay,Brooklyn
B029,Brighton Beach,29,Brighton Beach,Brooklyn
B031,Brighton Beach,29,Brighton Beach,Brooklyn
B032,Ocean Pkwy,29,Brighton Beach,Brooklyn
B034,Ocean Pkwy,29,Brighton Beach,Brooklyn
C001,Borough Hall,65,Downtown Brooklyn/MetroTech,Brooklyn
C003,Jay St - MetroTech,65,Downtown Brooklyn/MetroTech,Brooklyn
C004,Jay St - MetroTech,65,Downtown Brooklyn/MetroTech,Brooklyn
N100,High St,65,Downtown Brooklyn/MetroTech,Brooklyn
N101,High St,65,Downtown Brooklyn/MetroTech,Brooklyn
N102,Jay St - MetroTech,65,Downtown Brooklyn/MetroTech,Brooklyn
N103,Jay St - MetroTech,65,Downtown Brooklyn/MetroTech,Brooklyn
R601A,Borough Hall,65,Downtown Brooklyn/MetroTech,Brooklyn
R602,Borough Hall,65,Downtown Brooklyn/MetroTech,Brooklyn
R604,Borough Hall,65,Downtown Brooklyn/MetroTech,Brooklyn
C010,Union St,106,Gowanus,Brooklyn
C011,Union St,106,Gowanus,Brooklyn
N536,Smith - 9 Sts,106,Gowanus,Brooklyn
N537,4 Av,106,Gowanus,Brooklyn
C016,25 St,228,Sunset Park West,Brooklyn
C017,25 St,228,Sunset Park West,Brooklyn
C018,36 St,228,Sunset Park West,Brooklyn
C019,45 St,228,Sunset Park West,Brooklyn
C020,53 St,228,Sunset Park West,Brooklyn
C021,59 St,228,Sunset Park West,Brooklyn
C022,59 St,228,Sunset Park West,Brooklyn
C023,Bay Ridge Av,14,Bay Ridge,Brooklyn
C024,77 St,14,Bay Ridge,Brooklyn
C025,86 St,14,Bay Ridge,Brooklyn
C026,86 St,14,Bay Ridge,Brooklyn
C027,Bay Ridge - 95 St,14,Bay Ridge,Brooklyn
C028,Bay Ridge - 95 St,14,Bay Ridge,Brooklyn
D002,8 Av,227,Sunset Park East,Brooklyn
E001,9 Av,227,Sunset Park East,Brooklyn
E003,Fort Hamilton Pkwy,227,Sunset Park East,Brooklyn
D003,Fort Hamilton Pkwy,26,Borough Park,Brooklyn
D004,Fort Hamilton Pkwy,26,Borough Park,Brooklyn
E005,55 St,26,Borough Park,Brooklyn
N554,Avenue N,26,Borough Park,Brooklyn
N555,Avenue N,26,Borough Park,Brooklyn
D005,New Utrecht Av,22,Bensonhurst West,Brooklyn
D006,New Utrecht Av,22,Bensonhurst West,Brooklyn
D008,18 Av,22,Bensonhurst West,Brooklyn
D009,20 Av,22,Bensonhurst West,Brooklyn
E009,71 St,22,Bensonhurst West,Brooklyn
E011,79 St,22,Bensonhurst West,Brooklyn
E012,18 Av,22,Bensonhurst West,Brooklyn
E013,20 Av,22,Bensonhurst West,Brooklyn
E014,Bay Pkwy,22,Bensonhurst West,Brooklyn
D010,Bay Pkwy,21,Bensonhurst East,Brooklyn
D011,Bay Pkwy,21,Bensonhurst East,Brooklyn
D012,Kings Hwy,21,Bensonhurst East,Brooklyn
D015,Avenue U,21,Bensonhurst East,Brooklyn
E015,25 Av,21,Bensonhurst East,Brooklyn
D016,86 St,108,Gravesend,Brooklyn
E004,Bay 50 St,108,Gravesend,Brooklyn
E016,Bay 50 St,108,Gravesend,Brooklyn
N559,Avenue U,108,Gravesend,Brooklyn
N561,Avenue X,108,Gravesend,Brooklyn
G001,Coney Island - Stillwell Av,55,Coney Island,Brooklyn
G009,Coney Island - Stillwell Av,55,Coney Island,Brooklyn
G011,W 8 St - NY Aquarium,55,Coney Island,Brooklyn
G015,W 8 St - NY Aquarium,55,Coney Island,Brooklyn
N562,Neptune Av,55,Coney Island,Brooklyn
H001,8 Av,68,East Chelsea,Manhattan
H005,3 Av,107,Gramercy,Manhattan
H006,3 Av,107,Gramercy,Manhattan
H007,1 Av,79,East Village,Manhattan
H008,1 Av,79,East Village,Manhattan
N521,2 Av,79,East Village,Manhattan
N523,2 Av,79,East Village,Manhattan
H009,Bedford Av,255,Williamsburg (North Side),Brooklyn
H012,Lorimer St,256,Williamsburg (South Side),Brooklyn
N409,Metropolitan Av,256,Williamsburg (South Side),Brooklyn
H013,Graham Av,80,East Williamsburg,Brooklyn
H014,Graham Av,80,East Williamsburg,Brooklyn
H015,Grand St,80,East Williamsburg,Brooklyn
H016,Grand St,80,East Williamsburg,Brooklyn
J005,Lorimer St,80,East Williamsburg,Brooklyn
N412,Broadway,80,East Williamsburg,Brooklyn
H017,Montrose Av,37,Bushwick South,Brooklyn
H033,Bushwick Av - Aberdeen St,37,Bushwick South,Brooklyn
J007,Flushing Av,37,Bushwick South,Brooklyn
J012,Kosciuszko St,37,Bushwick South,Brooklyn
J013,Gates Av,37,Bushwick South,Brooklyn
J016,Halsey St,37,Bushwick South,Brooklyn
K017,Central Av,37,Bushwick South,Brooklyn
H019,Morgan Av,36,Bushwick North,Brooklyn
H022,Jefferson St,36,Bushwick North,Brooklyn
H023,DeKalb Av,36,Bushwick North,Brooklyn
H026,Myrtle - Wyckoff Avs,36,Bushwick North,Brooklyn
H027,Myrtle - Wyckoff Avs,36,Bushwick North,Brooklyn
H032,Wilson Av,36,Bushwick North,Brooklyn
K019,Knickerbocker Av,36,Bushwick North,Brooklyn
H028,Halsey St,198,Ridgewood,Queens
H030,Halsey St,198,Ridgewood,Queens
K022,Seneca Av,198,Ridgewood,Queens
K024,Forest Av,198,Ridgewood,Queens
K025,Fresh Pond Rd,198,Ridgewood,Queens
K026,Middle Village - Metropolitan Av,198,Ridgewood,Queens
H035,Atlantic Av,77,East New York/Pennsylvania Avenue,Brooklyn
R632,Pennsylvania Av,77,East New York/Pennsylvania Avenue,Brooklyn
H037,Sutter Av,35,Brownsville,Brooklyn
H038,Livonia Av,35,Brownsville,Brooklyn
H039,New Lots Av,35,Brownsville,Brooklyn
R627,Sutter Av - Rutland Rd,35,Brownsville,Brooklyn
R628,Saratoga Av,35,Brownsville,Brooklyn
R629,Rockaway Av,35,Brownsville,Brooklyn
R630,Junius St,35,Brownsville,Brooklyn
H040,E 105 St,76,East New York,Brooklyn
J020,Alabama Av,76,East New York,Brooklyn
J021,Van Siclen Av,76,East New York,Brooklyn
J022,Cleveland St,76,East New York,Brooklyn
N125,Liberty Av,76,East New York,Brooklyn
N126,Van Siclen Av,76,East New York,Brooklyn
N127,Shepherd Av,76,East New York,Brooklyn
N128,Euclid Av,76,East New York,Brooklyn
R633,Van Siclen Av,76,East New York,Brooklyn
R634,New Lots Av,76,East New York,Brooklyn
H041,Canarsie - Rockaway Pkwy,39,Canarsie,Brooklyn
J001,Marcy Av,217,South Williamsburg,Brooklyn
J002,Marcy Av,217,South Williamsburg,Brooklyn
J003,Hewes St,217,South Williamsburg,Brooklyn
J009,Myrtle Av,225,Stuyvesant Heights,Brooklyn
J017,Chauncey St,177,Ocean Hill,Brooklyn
N121B,Ralph Av,177,Ocean Hill,Brooklyn
N122,Rockaway Av,177,Ocean Hill,Brooklyn
N123B,Rockaway Av,177,Ocean Hill,Brooklyn
N124,Broadway Jct,177,Ocean Hill,Brooklyn
J023,Norwood Av,63,Cypress Hills,Brooklyn
J024,Crescent St,63,Cypress Hills,Brooklyn
J025,Cypress Hills,63,Cypress Hills,Brooklyn
N129,Grant Av,63,Cypress Hills,Brooklyn
J028,75 St,258,Woodhaven,Queens
J030,85 St - Forest Pkwy,258,Woodhaven,Queens
J031,Woodhaven Blvd,258,Woodhaven,Queens
J032,Woodhaven Blvd,258,Woodhaven,Queens
J034,104 St,197,Richmond Hill,Queens
J035,111 St,197,Richmond Hill,Queens
J037,121 St,197,Richmond Hill,Queens
JFK01,Howard Beach - JFK Airport,132,JFK Airport,Queens
JFK02,Howard Beach - JFK Airport,132,JFK Airport,Queens
N182,Howard Beach - JFK Airport,132,JFK Airport,Queens
N182A,Howard Beach - JFK Airport,132,JFK Airport,Queens
N001,Inwood - 207 St,127,Inwood,Manhattan
N002A,Inwood - 207 St,127,Inwood,Manhattan
R188,207 St,127,Inwood,Manhattan
R190,215 St,127,Inwood,Manhattan
N003,Dyckman St,243,Washington Heights North,Manhattan
N006A,190 St,243,Washington Heights North,Manhattan
N007A,181 St,243,Washington Heights North,Manhattan
N009,181 St,243,Washington Heights North,Manhattan
R183,181 St,243,Washington Heights North,Manhattan
R185,191 St,243,Washington Heights North,Manhattan
R186,Dyckman St,243,Washington Heights North,Manhattan
N010,175 St,244,Washington Heights South,Manhattan
N011,175 St,244,Washington Heights South,Manhattan
N012,168 St - Washington Hts,244,Washington Heights South,Manhattan
N013,168 St - Washington Hts,244,Washington Heights South,Manhattan
N016A,163 St - Amsterdam Av,244,Washington Heights South,Manhattan
R179,157 St,244,Washington Heights South,Manhattan
R180,157 St,244,Washington Heights South,Manhattan
R182,168 St - Washington Hts,244,Washington Heights South,Manhattan
N017,155 St,116,Hamilton Heights,Manhattan
N019,145 St,116,Hamilton Heights,Manhattan
N020,145 St,116,Hamilton Heights,Manhattan
R177,145 St,116,Hamilton Heights,Manhattan
R178,145 St,116,Hamilton Heights,Manhattan
N022,135 St,152,Manhattanville,Manhattan
N023,135 St,152,Manhattanville,Manhattan
N024,135 St,152,Manhattanville,Manhattan
R175,137 St - City College,152,Manhattanville,Manhattan
R176,137 St - City College,152,Manhattanville,Manhattan
N025,125 St,166,Morningside Heights,Manhattan
N026,125 St,166,Morningside Heights,Manhattan
R173,116 St - Columbia University,166,Morningside Heights,Manhattan
R174,125 St,166,Morningside Heights,Manhattan
R258,125 St,166,Morningside Heights,Manhattan
N029,116 St,41,Central Harlem,Manhattan
N030,116 St,41,Central Harlem,Manhattan
N034,Cathedral Pkwy (110 St),41,Central Harlem,Manhattan
N035,Cathedral Pkwy (110 St),41,Central Harlem,Manhattan
R301,Central Park North (110 St),41,Central Harlem,Manhattan
R302,116 St,41,Central Harlem,Manhattan
R303,116 St,41,Central Harlem,Manhattan
R304,125 St,41,Central Harlem,Manhattan
R305,125 St,41,Central Harlem,Manhattan
N049,59 St - Columbus Circle,142,Lincoln Square East,Manhattan
N051,59 St - Columbus Circle,142,Lincoln Square East,Manhattan
R158,59 St - Columbus Circle,142,Lincoln Square East,Manhattan
R159,66 St - Lincoln Center,142,Lincoln Square East,Manhattan
R160,66 St - Lincoln Center,142,Lincoln Square East,Manhattan
R160A,66 St - Lincoln Center,142,Lincoln Square East,Manhattan
N056,50 St,48,Clinton East,Manhattan
N057,50 St,48,Clinton East,Manhattan
N075,23 St,90,Flatiron,Manhattan
N076,23 St,90,Flatiron,Manhattan
N077,23 St,90,Flatiron,Manhattan
N078,14 St,90,Flatiron,Manhattan
N510,14 St,90,Flatiron,Manhattan
N511,14 St,90,Flatiron,Manhattan
N512,14 St,90,Flatiron,Manhattan
N513,14 St,90,Flatiron,Manhattan
R129,18 St,90,Flatiron,Manhattan
R130,18 St,90,Flatiron,Manhattan
R131,23 St,90,Flatiron,Manhattan
R132,23 St,90,Flatiron,Manhattan
N080,W 4 St,249,West Village,Manhattan
N083,W 4 St,249,West Village,Manhattan
PTH09,Christopher St - Sheridan Sq,249,West Village,Manhattan
PTH11,14 St,249,West Village,Manhattan
R125,Christopher St - Sheridan Sq,249,West Village,Manhattan
R126,Christopher St - Sheridan Sq,249,West Village,Manhattan
R127,14 St,249,West Village,Manhattan
R128,14 St,249,West Village,Manhattan
N108,Hoyt - Schermerhorn Sts,25,Boerum Hill,Brooklyn
R605,Hoyt St,25,Boerum Hill,Brooklyn
R606,Hoyt St,25,Boerum Hill,Brooklyn
R617,Bergen St,25,Boerum Hill,Brooklyn
R618,Bergen St,25,Boerum Hill,Brooklyn
N111,Clinton - Washington Avs,49,Clinton Hill,Brooklyn
N112A,Clinton - Washington Avs,49,Clinton Hill,Brooklyn
N113,Franklin Av,49,Clinton Hill,Brooklyn
N114,Franklin Av,49,Clinton Hill,Brooklyn
N419,Classon Av,49,Clinton Hill,Brooklyn
N420B,Clinton - Washington Avs,49,Clinton Hill,Brooklyn
N116,Nostrand Av,61,Crown Heights North,Brooklyn
N117,Nostrand Av,61,Crown Heights North,Brooklyn
N120,Utica Av,61,Crown Heights North,Brooklyn
N120A,Utica Av,61,Crown Heights North,Brooklyn
R624,Kingston Av,61,Crown Heights North,Brooklyn
R625,Crown Hts - Utica Av,61,Crown Heights North,Brooklyn
R626,Crown Hts - Utica Av,61,Crown Heights North,Brooklyn
N118,Kingston - Throop Avs,17,Bedford,Brooklyn
N119,Kingston - Throop Avs,17,Bedford,Brooklyn
N414,Flushing Av,17,Bedford,Brooklyn
N414A,Flushing Av,17,Bedford,Brooklyn
N415,Myrtle - Willoughby Avs,17,Bedford,Brooklyn
N416,Myrtle - Willoughby Avs,17,Bedford,Brooklyn
N417,Bedford - Nostrand Avs,17,Bedford,Brooklyn
N418,Bedford - Nostrand Avs,17,Bedford,Brooklyn
N130,80 St,180,Ozone Park,Queens
N131,80 St,180,Ozone Park,Queens
N133,88 St,180,Ozone Park,Queens
N134,Rockaway Blvd,180,Ozone Park,Queens
N135,Rockaway Blvd,180,Ozone Park,Queens
N181,Aqueduct - N Conduit Av,180,Ozone Park,Queens
N181A,Aqueduct - N Conduit Av,180,Ozone Park,Queens
N137,104 St,216,South Ozone Park,Queens
N138,111 St,216,South Ozone Park,Queens
N139,111 St,216,South Ozone Park,Queens
N141,Ozone Park - Lefferts Blvd,216,South Ozone Park,Queens
N183,Broad Channel,30,Broad Channel,Queens
N184,Beach 90 St,117,Hammels/Arverne,Queens
N191,Beach 67 St,117,Hammels/Arverne,Queens
N192,Beach 60 St,117,Hammels/Arverne,Queens
N193,Beach 44 St,117,Hammels/Arverne,Queens
N194,Beach 36 St,117,Hammels/Arverne,Queens
N311,Beach 36 St,117,Hammels/Arverne,Queens
N312,Beach 36 St,117,Hammels/Arverne,Queens
N187,Rockaway Park - Beach 116 St,201,Rockaway Park,Queens
N195,Beach 25 St,86,Far Rockaway,Queens
N196,Far Rockaway - Mott Av,86,Far Rockaway,Queens
N202,155 St,42,Central Harlem North,Manhattan
R306,135 St,42,Central Harlem North,Manhattan
R307,135 St,42,Central Harlem North,Manhattan
R308,145 St,42,Central Harlem North,Manhattan
R309,Harlem - 148 St,42,Central Harlem North,Manhattan
N203,161 St - Yankee Stadium,247,West Concourse,Bronx
N204,161 St - Yankee Stadium,247,West Concourse,Bronx
N205,161 St - Yankee Stadium,247,West Concourse,Bronx
N206,167 St,247,West Concourse,Bronx
N207,167 St,247,West Concourse,Bronx
R262,161 St - Yankee Stadium,247,West Concourse,Bronx
R262A,161 St - Yankee Stadium,247,West Concourse,Bronx
R262B,161 St - Yankee Stadium,247,West Concourse,Bronx
R283,167 St,247,West Concourse,Bronx
R284,170 St,247,West Concourse,Bronx
N208,170 St,69,East Concourse/Concourse Village,Bronx
N209,170 St,69,East Concourse/Concourse Village,Bronx
N210,174-175 Sts,169,Mount Hope,Bronx
N212,174-175 Sts,169,Mount Hope,Bronx
N213,Tremont Av,169,Mount Hope,Bronx
N214,Tremont Av,169,Mount Hope,Bronx
R285,Mt Eden Av,169,Mount Hope,Bronx
N215,182-183 Sts,94,Fordham South,Bronx
R288,183 St,94,Fordham South,Bronx
N217,Fordham Rd,18,Bedford Park,Bronx
N218,Fordham Rd,18,Bedford Park,Bronx
N220,Kingsbridge Rd,18,Bedford Park,Bronx
N221,Kingsbridge Rd,18,Bedford Park,Bronx
N222,Bedford Park Blvd,18,Bedford Park,Bronx
N223,Bedford Park Blvd,18,Bedford Park,Bronx
R289,Fordham Rd,18,Bedford Park,Bronx
N224,Norwood - 205 St,174,Norwood,Bronx
N225,Norwood - 205 St,174,Norwood,Bronx
R293,Mosholu Pkwy,174,Norwood,Bronx
R294,Woodlawn,174,Norwood,Bronx
N305,Lexington Av/53 St,229,Sutton Place/Turtle Bay North,Manhattan
N305A,Lexington Av/53 St,229,Sutton Place/Turtle Bay North,Manhattan
N306,Lexington Av/53 St,229,Sutton Place/Turtle Bay North,Manhattan
N307,Court Sq,145,Long Island City/Hunters Point,Queens
N400,Court Sq,145,Long Island City/Hunters Point,Queens
N400A,Court Sq,145,Long Island City/Hunters Point,Queens
N401,21 St,145,Long Island City/Hunters Point,Queens
R503,Vernon Blvd - Jackson Av,145,Long Island City/Hunters Point,Queens
R504,Vernon Blvd - Jackson Av,145,Long Island City/Hunters Point,Queens
R506,Vernon Blvd - Jackson Av,145,Long Island City/Hunters Point,Queens
R507,Hunters Point Av,145,Long Island City/Hunters Point,Queens
R508,Court Sq,145,Long Island City/Hunters Point,Queens
R509,Queensboro Plaza,145,Long Island City/Hunters Point,Queens
N309A,Queens Plaza,146,Long Island City/Queens Plaza,Queens
N310,Queens Plaza,146,Long Island City/Queens Plaza,Queens
R510,39 Av,146,Long Island City/Queens Plaza,Queens
N314,Steinway St,7,Astoria,Queens
N315,Steinway St,7,Astoria,Queens
N316,46 St,7,Astoria,Queens
N316A,46 St,7,Astoria,Queens
N317,46 St,7,Astoria,Queens
R511,36 Av,7,Astoria,Queens
R512,Broadway,7,Astoria,Queens
R513,30 Av,7,Astoria,Queens
N318,Northern Blvd,260,Woodside,Queens
N319,Northern Blvd,260,Woodside,Queens
N322,65 St,260,Woodside,Queens
R523,Woodside - 61 St,260,Woodside,Queens
R524,69 St,260,Woodside,Queens
N323,Jackson Hts - Roosevelt Av,82,Elmhurst,Queens
N324,Jackson Hts - Roosevelt Av,82,Elmhurst,Queens
N325A,Elmhurst Av,82,Elmhurst,Queens
N327,Grand Av - Newtown,82,Elmhurst,Queens
N329,Woodhaven Blvd,82,Elmhurst,Queens
N329A,Woodhaven Blvd,82,Elmhurst,Queens
R525,74 St - Broadway,82,Elmhurst,Queens
R528,Junction Blvd,82,Elmhurst,Queens
N330B,63 Dr - Rego Park,196,Rego Park,Queens
N330C,63 Dr - Rego Park,196,Rego Park,Queens
N331,67 Av,95,Forest Hills,Queens
N332,67 Av,95,Forest Hills,Queens
N333,Forest Hills - 71 Av,95,Forest Hills,Queens
N333A,Forest Hills - 71 Av,95,Forest Hills,Queens
N333B,Forest Hills - 71 Av,95,Forest Hills,Queens
N334B,75 Av,95,Forest Hills,Queens
N335,Kew Gardens - Union Tpke,93,Flushing Meadows-Corona Park,Queens
N336,Kew Gardens - Union Tpke,93,Flushing Meadows-Corona Park,Queens
R532,Mets - Willets Point,93,Flushing Meadows-Corona Park,Queens
R532G,Mets - Willets Point,93,Flushing Meadows-Corona Park,Queens
R532H,Mets - Willets Point,93,Flushing Meadows-Corona Park,Queens
N337,Briarwood - Van Wyck Blvd,134,Kew Gardens,Queens
N604,Jamaica - Van Wyck,134,Kew Gardens,Queens
N338,Sutphin Blvd - Archer Av - JFK Airport,130,Jamaica,Queens
N338B,Sutphin Blvd - Archer Av - JFK Airport,130,Jamaica,Queens
N340,169 St,130,Jamaica,Queens
N340A,169 St,130,Jamaica,Queens
N342,Jamaica - 179 St,130,Jamaica,Queens
N343,Jamaica - 179 St,130,Jamaica,Queens
N605,Sutphin Blvd,130,Jamaica,Queens
N606,Jamaica Center - Parsons/Archer,130,Jamaica,Queens
N607,Jamaica Center - Parsons/Archer,130,Jamaica,Queens
N339,Parsons Blvd,28,Briarwood/Jamaica Hills,Queens
N339A,Parsons Blvd,28,Briarwood/Jamaica Hills,Queens
N403,Greenpoint Av,112,Greenpoint,Brooklyn
N405,Greenpoint Av,112,Greenpoint,Brooklyn
N408A,Nassau Av,112,Greenpoint,Brooklyn
N519,Broadway-Lafayette St,114,Greenwich Village South,Manhattan
N519A,Broadway-Lafayette St,114,Greenwich Village South,Manhattan
R217,Bleecker St,114,Greenwich Village South,Manhattan
R217A,Bleecker St,114,Greenwich Village South,Manhattan
N528,East Broadway,232,Two Bridges/Seward Park,Manhattan
N529,East Broadway,232,Two Bridges/Seward Park,Manhattan
N530,York St,66,DUMBO/Vinegar Hill,Brooklyn
N534,Carroll St,40,Carroll Gardens,Brooklyn
N535,Carroll St,40,Carroll Gardens,Brooklyn
N541,15 St - Prospect Park,257,Windsor Terrace,Brooklyn
N542,15 St - Prospect Park,257,Windsor Terrace,Brooklyn
N543,Fort Hamilton Pkwy,257,Windsor Terrace,Brooklyn
N544,Fort Hamilton Pkwy,257,Windsor Terrace,Brooklyn
N545,Church Av,133,Kensington,Brooklyn
N546,Church Av,133,Kensington,Brooklyn
N547,Ditmas Av,133,Kensington,Brooklyn
N548,Ditmas Av,133,Kensington,Brooklyn
N551,Avenue I,178,Ocean Parkway South,Brooklyn
N553,Bay Pkwy,178,Ocean Parkway South,Brooklyn
N556,Avenue P,178,Ocean Parkway South,Brooklyn
N557,Kings Hwy,123,Homecrest,Brooklyn
N558,Kings Hwy,123,Homecrest,Brooklyn
N602,Roosevelt Island,202,Roosevelt Island,Manhattan
N603,21 St - Queensbridge,193,Queensbridge/Ravenswood,Queens
R121,Houston St,125,Hudson Sq,Manhattan
R122,Houston St,125,Hudson Sq,Manhattan
R123,Houston St,125,Hudson Sq,Manhattan
R124,Houston St,125,Hudson Sq,Manhattan
R161A,72 St,143,Lincoln Square West,Manhattan
R161B,72 St,143,Lincoln Square West,Manhattan
R162,79 St,239,Upper West Side South,Manhattan
R163,79 St,239,Upper West Side South,Manhattan
R164,86 St,238,Upper West Side North,Manhattan
R165,86 St,238,Upper West Side North,Manhattan
R166,86 St,238,Upper West Side North,Manhattan
R168,96 St,238,Upper West Side North,Manhattan
R168A,96 St,238,Upper West Side North,Manhattan
R170,103 St,151,Manhattan Valley,Manhattan
R171,Cathedral Pkwy,24,Bloomingdale,Manhattan
R172,Cathedral Pkwy,24,Bloomingdale,Manhattan
R192,Marble Hill - 225 St,153,Marble Hill,Manhattan
R194,231 St,220,Spuyten Duyvil/Kingsbridge,Bronx
R196,238 St,220,Spuyten Duyvil/Kingsbridge,Bronx
R197,Van Cortlandt Park - 242 St,220,Spuyten Duyvil/Kingsbridge,Bronx
R233,Grand Central - 42 St,162,Midtown East,Manhattan
R236,Grand Central - 42 St,162,Midtown East,Manhattan
R237,Grand Central - 42 St,162,Midtown East,Manhattan
R237B,Grand Central - 42 St,162,Midtown East,Manhattan
R238,Grand Central - 42 St,162,Midtown East,Manhattan
R238A,Grand Central - 42 St,162,Midtown East,Manhattan
R240,Grand Central - 42 St,162,Midtown East,Manhattan
R241A,Grand Central - 42 St,162,Midtown East,Manhattan
R242,51 St,162,Midtown East,Manhattan
R242A,51 St,162,Midtown East,Manhattan
R243,51 St,162,Midtown East,Manhattan
R249,86 St,236,Upper East Side North,Manhattan
R250,86 St,236,Upper East Side North,Manhattan
R251,96 St,236,Upper East Side North,Manhattan
R252,103 St,75,East Harlem South,Manhattan
R253,110 St,75,East Harlem South,Manhattan
R254,110 St,75,East Harlem South,Manhattan
R256,116 St,74,East Harlem North,Manhattan
R257,116 St,74,East Harlem North,Manhattan
R259,138 St - Grand Concourse,168,Mott Haven/Port Morris,Bronx
R260,149 St - Grand Concourse,168,Mott Haven/Port Morris,Bronx
R261,149 St - Grand Concourse,168,Mott Haven/Port Morris,Bronx
R401,3 Av - 138 St,168,Mott Haven/Port Morris,Bronx
R402,Brook Av,168,Mott Haven/Port Morris,Bronx
R403,Brook Av,168,Mott Haven/Port Morris,Bronx
R404,Cypress Av,168,Mott Haven/Port Morris,Bronx
R405,Cypress Av,168,Mott Haven/Port Morris,Bronx
R406,E 143 St - St Mary's St,168,Mott Haven/Port Morris,Bronx
R407,E 143 St - St Mary's St,168,Mott Haven/Port Morris,Bronx
R286,176 St,235,University Heights/Morris Heights,Bronx
R287,Burnside Av,235,University Heights/Morris Heights,Bronx
R290,Kingsbridge Rd,241,Van Cortlandt Village,Bronx
R291,Bedford Park Blvd - Lehman College,241,Van Cortlandt Village,Bronx
R310,3 Av - 149 St,159,Melrose South,Bronx
R311,3 Av - 149 St,159,Melrose South,Bronx
R312,Jackson Av,159,Melrose South,Bronx
R314,Prospect Av,159,Melrose South,Bronx
R315,Prospect Av,159,Melrose South,Bronx
R316,Intervale Av,147,Longwood,Bronx
R408,E 149 St,147,Longwood,Bronx
R409,E 149 St,147,Longwood,Bronx
R410,Longwood Av,147,Longwood,Bronx
R411,Longwood Av,147,Longwood,Bronx
R317,Simpson St,126,Hunts Point,Bronx
R318,Simpson St,126,Hunts Point,Bronx
R412,Hunts Point Av,126,Hunts Point,Bronx
R413,Whitlock Av,126,Hunts Point,Bronx
R319,Freeman St,167,Morrisania/Melrose,Bronx
R320,Freeman St,167,Morrisania/Melrose,Bronx
R321,174 St,60,Crotona Park East,Bronx
R322,174 St,60,Crotona Park East,Bronx
R323,West Farms Sq - E Tremont Av,78,East Tremont,Bronx
R323A,West Farms Sq - E Tremont Av,78,East Tremont,Bronx
R325,E 180 St,78,East Tremont,Bronx
R326,Bronx Park East,78,East Tremont,Bronx
R327,Pelham Pkwy,185,Pelham Parkway,Bronx
R328,Pelham Pkwy,185,Pelham Parkway,Bronx
R726,Morris Park,185,Pelham Parkway,Bronx
R329,Allerton Av,32,Bronxdale,Bronx
R330,Burke Av,32,Bronxdale,Bronx
R331,Gun Hill Rd,254,Williamsbridge/Olinville,Bronx
R332,219 St,254,Williamsbridge/Olinville,Bronx
R333,225 St,254,Williamsbridge/Olinville,Bronx
R334,233 St,254,Williamsbridge/Olinville,Bronx
R335,Nereid Av,259,Woodlawn/Wakefield,Bronx
R336,Wakefield - 241 St,259,Woodlawn/Wakefield,Bronx
R414,Elder Av,248,West Farms/Bronx River,Bronx
R415,Morrison Av- Sound View,212,Soundview/Bruckner,Bronx
R416,St Lawrence Av,212,Soundview/Bruckner,Bronx
R417,Parkchester,212,Soundview/Bruckner,Bronx
R418,Castle Hill Av,250,Westchester Village/Unionport,Bronx
R419,Zerega Av,250,Westchester Village/Unionport,Bronx
R420,Westchester Sq - E Tremont Av,242,Van Nest/Morris Park,Bronx
R421,Middletown Rd,183,Pelham Bay,Bronx
R422,Buhre Av,183,Pelham Bay,Bronx
R423,Pelham Bay Park,183,Pelham Bay,Bronx
R514,Astoria Blvd,223,Steinway,Queens
R515,Astoria - Ditmars Blvd,223,Steinway,Queens
R516,33 St,226,Sunnyside,Queens
R517,33 St,226,Sunnyside,Queens
R518,40 St,226,Sunnyside,Queens
R519,46 St,226,Sunnyside,Queens
R520,46 St,226,Sunnyside,Queens
R521,52 St,226,Sunnyside,Queens
R526,82 St - Jackson Hts,129,Jackson Heights,Queens
R527,90 St - Elmhurst Av,129,Jackson Heights,Queens
R529,103 St - Corona Plaza,173,North Corona,Queens
R530,111 St,173,North Corona,Queens
R533,Flushing - Main St,92,Flushing,Queens
R534,Flushing - Main St,92,Flushing,Queens
R600,Clark St,33,Brooklyn Heights,Brooklyn
R621,Eastern Pkwy - Brooklyn Museum,190,Prospect Park,Brooklyn
R641,Beverly Rd,85,Erasmus,Brooklyn
R643,Newkirk Av,71,East Flatbush/Farragut,Brooklyn
R644,Newkirk Av,71,East Flatbush/Farragut,Brooklyn
R727,Pelham Pkwy,3,Allerton/Pelham Gardens,Bronx
R728,Gun Hill Rd,3,Allerton/Pelham Gardens,Bronx
R729,Baychester Av,51,Co-Op City,Bronx
R730,Eastchester - Dyre Av,81,Eastchester,Bronx
S101,St George,206,Saint George/New Brighton,Staten Island
S101A,St George,206,Saint George/New Brighton,Staten Island
S102,Tompkinsville,221,Stapleton,Staten Island
